a1,a2,a3,p(win),rank1,rank2,rank3
frc492,frc1595,frc488,45.47956666666662,17,5,34
frc492,frc2147,frc4131,45.247983333333345,17,4,33
frc492,frc1595,frc4131,45.24178333333331,17,5,33
frc492,frc2910,frc2930,45.239600000000024,17,1,7
frc492,frc2147,frc2928,45.14023333333334,17,4,40
frc492,frc2910,frc3218,45.13399999999998,17,1,25
frc492,frc3711,frc6350,45.03214999999994,17,21,20
frc492,frc2910,frc2928,45.00574999999996,17,1,40
frc492,frc2910,frc997,44.989250000000055,17,1,8
frc492,frc2147,frc488,44.9666833333333,17,4,34
frc492,frc1899,frc2147,44.7763833333333,17,36,4
frc492,frc2147,frc2910,44.751649999999934,17,4,1
frc492,frc2910,frc955,44.74638333333332,17,1,10
frc492,frc2976,frc4915,44.6966666666667,17,2,42
frc492,frc1595,frc2910,44.647316666666704,17,5,1
frc492,frc2910,frc7461,44.61164999999997,17,1,27
frc492,frc2910,frc957,44.55671666666662,17,1,14
frc492,frc1595,frc2147,44.475266666666705,17,5,4
frc492,frc2046,frc7034,44.40300000000002,17,11,19
frc492,frc4131,frc997,44.391566666666684,17,33,8
frc492,frc2046,frc3218,44.35599999999997,17,11,25
frc492,frc3218,frc7461,44.35283333333326,17,25,27
frc492,frc2910,frc3711,44.34891666666669,17,1,21
frc492,frc2910,frc4131,44.34040000000003,17,1,33
frc492,frc4131,frc957,44.29769999999996,17,33,14
frc492,frc1595,frc997,44.28695000000001,17,5,8
frc492,frc2976,frc4089,44.26400000000002,17,2,22
frc492,frc3218,frc6350,44.25533333333334,17,25,20
frc492,frc2910,frc2990,44.24933333333336,17,1,28
frc492,frc1899,frc2910,44.146366666666644,17,36,1
frc492,frc1595,frc3218,44.102633333333344,17,5,25
frc492,frc2910,frc7034,44.07933333333334,17,1,19
frc492,frc2147,frc3218,44.05741666666662,17,4,25
frc492,frc2990,frc6350,43.97796666666668,17,28,20
frc492,frc2046,frc2147,43.94468333333336,17,11,4
frc492,frc2928,frc997,43.935266666666664,17,40,8
frc492,frc2046,frc2910,43.93016666666667,17,11,1
frc492,frc2930,frc4131,43.90245000000002,17,7,33
frc492,frc2976,frc7034,43.818666666666665,17,2,19
frc492,frc2412,frc2910,43.807333333333304,17,45,1
frc492,frc2046,frc4131,43.7646833333334,17,11,33
frc492,frc2521,frc3711,43.75635000000001,17,16,21
frc492,frc4131,frc7461,43.75336666666665,17,33,27
frc492,frc2910,frc4512,43.71758333333333,17,1,13
frc492,frc2046,frc2930,43.68185000000002,17,11,7
frc492,frc3711,frc7461,43.669516666666624,17,21,27
frc492,frc2046,frc2928,43.6658166666667,17,11,40
frc492,frc2521,frc2910,43.665016666666645,17,16,1
frc492,frc1540,frc2910,43.65966666666663,17,30,1
frc492,frc6350,frc7034,43.65858333333331,17,20,19
frc492,frc2976,frc6350,43.6221666666667,17,2,20
frc492,frc4131,frc6350,43.594750000000005,17,33,20
frc492,frc2930,frc488,43.59026666666665,17,7,34
frc492,frc3218,frc955,43.566833333333335,17,25,10
frc492,frc2557,frc2976,43.54224999999996,17,18,2
frc492,frc4911,frc6350,43.536750000000026,17,6,20
frc492,frc2147,frc2990,43.52246666666667,17,4,28
frc492,frc1595,frc2046,43.5154333333333,17,5,11
frc492,frc2046,frc6350,43.514499999999984,17,11,20
frc492,frc2046,frc3711,43.512783333333374,17,11,21
frc492,frc2910,frc6350,43.50641666666662,17,1,20
frc492,frc2811,frc2910,43.506249999999994,17,15,1
frc492,frc2147,frc7461,43.487199999999994,17,4,27
frc492,frc488,frc6350,43.47863333333332,17,34,20
frc492,frc2147,frc3711,43.476083333333285,17,4,21
frc492,frc2976,frc3218,43.47516666666667,17,2,25
frc492,frc2046,frc2990,43.42583333333331,17,11,28
frc492,frc2928,frc7461,43.422216666666706,17,40,27
frc492,frc2635,frc2976,43.39758333333335,17,46,2
frc492,frc1595,frc2990,43.379950000000015,17,5,28
frc492,frc2910,frc4911,43.36883333333337,17,1,6
frc492,frc2910,frc3663,43.366833333333304,17,1,24
frc492,frc4131,frc4512,43.36434999999997,17,33,13
frc492,frc2471,frc2910,43.35049999999998,17,3,1
frc492,frc3218,frc7034,43.328666666666656,17,25,19
frc492,frc2910,frc360,43.30475,17,1,26
frc492,frc2147,frc3636,43.30203333333333,17,4,32
frc492,frc2046,frc2521,43.290233333333404,17,11,16
frc492,frc3663,frc488,43.28014999999994,17,24,34
frc492,frc955,frc997,43.260716666666646,17,10,8
frc492,frc3218,frc997,43.221333333333305,17,25,8
frc492,frc2976,frc6831,43.18825000000004,17,2,35
frc492,frc2910,frc488,43.155866666666675,17,1,34
frc492,frc2147,frc2521,43.154816666666676,17,4,16
frc492,frc2910,frc4125,43.110416666666694,17,1,38
frc492,frc2928,frc955,43.10533333333335,17,40,10
frc492,frc2147,frc6350,43.08166666666662,17,4,20
frc492,frc488,frc4911,43.07275000000005,17,34,6
frc492,frc2990,frc3218,43.02923333333327,17,28,25
frc492,frc2147,frc6831,43.019766666666655,17,4,35
frc492,frc2976,frc568,42.99966666666666,17,2,47
frc492,frc1595,frc568,42.99383333333329,17,5,47
frc492,frc7461,frc997,42.969150000000006,17,27,8
frc492,frc1595,frc3711,42.95533333333326,17,5,21
frc492,frc2910,frc4089,42.94666666666663,17,1,22
frc492,frc1540,frc2046,42.93525000000001,17,30,11
frc492,frc3711,frc4131,42.92656666666667,17,21,33
frc492,frc2811,frc2976,42.91141666666665,17,15,2
frc492,frc2147,frc8532,42.901449999999954,17,4,50
frc492,frc4089,frc6350,42.89075000000003,17,22,20
frc492,frc4911,frc955,42.88533333333334,17,6,10
frc492,frc2976,frc3711,42.88074999999998,17,2,21
frc492,frc1540,frc997,42.8638,17,30,8
frc492,frc3218,frc3711,42.84559999999991,17,25,21
frc492,frc2147,frc997,42.84261666666666,17,4,8
frc492,frc6350,frc7461,42.83299999999999,17,20,27
frc492,frc2046,frc2557,42.8238666666667,17,11,18
frc492,frc2471,frc3218,42.823250000000016,17,3,25
frc492,frc1595,frc6350,42.817033333333406,17,5,20
frc492,frc2046,frc2811,42.8030000000001,17,11,15
frc492,frc2928,frc2990,42.80249999999996,17,40,28
frc492,frc4131,frc7034,42.80204999999999,17,33,19
frc492,frc1899,frc2930,42.793783333333366,17,36,7
frc492,frc1359,frc2910,42.75918333333333,17,41,1
frc492,frc3218,frc4911,42.75500000000002,17,25,6
frc492,frc2522,frc2910,42.709833333333286,17,23,1
frc492,frc1425,frc2910,42.709416666666726,17,31,1
frc492,frc1540,frc2928,42.68378333333333,17,30,40
frc492,frc2910,frc4513,42.67491666666663,17,1,37
frc492,frc3218,frc4131,42.65608333333332,17,25,33
frc492,frc2147,frc2930,42.650883333333354,17,4,7
frc492,frc2147,frc2522,42.64918333333328,17,4,23
frc492,frc1540,frc6350,42.63766666666674,17,30,20
frc492,frc2928,frc2930,42.62731666666666,17,40,7
frc492,frc7034,frc997,42.62575000000001,17,19,8
frc492,frc2147,frc2635,42.617583333333314,17,4,46
frc492,frc2046,frc6831,42.6135,17,11,35
frc492,frc2976,frc5920,42.61208333333343,17,2,43
frc492,frc3711,frc955,42.60679999999999,17,21,10
frc492,frc1595,frc6831,42.60666666666669,17,5,35
frc492,frc2811,frc3218,42.60058333333339,17,15,25
frc492,frc1359,frc2147,42.59106666666663,17,41,4
frc492,frc2046,frc360,42.589666666666716,17,11,26
frc492,frc2990,frc7461,42.58446666666666,17,28,27
frc492,frc2930,frc3218,42.53463333333344,17,7,25
frc492,frc2930,frc4512,42.53191666666666,17,7,13
frc492,frc2990,frc997,42.51984999999996,17,28,8
frc492,frc2928,frc360,42.505833333333364,17,40,26
frc492,frc2910,frc3636,42.50566666666664,17,1,32
frc492,frc2928,frc3218,42.495783333333385,17,40,25
frc492,frc2930,frc7461,42.48341666666657,17,7,27
frc492,frc4131,frc568,42.46591666666665,17,33,47
frc492,frc3711,frc4512,42.46541666666668,17,21,13
frc492,frc6350,frc957,42.46321666666665,17,20,14
frc492,frc2930,frc6350,42.44828333333331,17,7,20
frc492,frc3674,frc3711,42.44716666666664,17,12,21
frc492,frc4089,frc4131,42.44475000000002,17,22,33
frc492,frc2147,frc4512,42.44163333333337,17,4,13
frc492,frc3711,frc4089,42.42183333333339,17,21,22
frc492,frc2046,frc2976,42.41575000000002,17,11,2
frc492,frc1595,frc2930,42.400100000000045,17,5,7
frc492,frc2928,frc4911,42.394333333333414,17,40,6
frc492,frc2928,frc3663,42.3935166666667,17,40,24
frc492,frc3663,frc3711,42.36686666666668,17,24,21
frc492,frc4512,frc997,42.36649999999996,17,13,8
frc492,frc2046,frc4089,42.363000000000014,17,11,22
frc492,frc2976,frc997,42.36108333333336,17,2,8
frc492,frc2147,frc4911,42.34266666666669,17,4,6
frc492,frc2147,frc957,42.33138333333331,17,4,14
frc492,frc2910,frc6831,42.31283333333339,17,1,35
frc492,frc1595,frc2928,42.29806666666668,17,5,40
frc492,frc3663,frc6350,42.29058333333332,17,24,20
frc492,frc2910,frc8532,42.2900833333334,17,1,50
frc492,frc2635,frc2910,42.28508333333331,17,46,1
frc492,frc488,frc957,42.27588333333336,17,34,14
frc492,frc2046,frc2522,42.26391666666669,17,11,23
frc492,frc2910,frc4488,42.26373333333342,17,1,9
frc492,frc2412,frc2976,42.255916666666664,17,45,2
frc492,frc1425,frc2976,42.2475833333333,17,31,2
frc492,frc2928,frc4512,42.234750000000055,17,40,13
frc492,frc2976,frc4131,42.21783333333333,17,2,33
frc492,frc4131,frc955,42.1918166666667,17,33,10
frc492,frc2910,frc2976,42.191000000000024,17,1,2
frc492,frc1294,frc2910,42.18841666666668,17,39,1
frc492,frc1595,frc957,42.18683333333331,17,5,14
frc492,frc2147,frc2976,42.16966666666667,17,4,2
frc492,frc2412,frc4131,42.16699999999996,17,45,33
frc492,frc3218,frc360,42.16383333333334,17,25,26
frc492,frc2471,frc2976,42.15066666666669,17,3,2
frc492,frc2147,frc360,42.14928333333331,17,4,26
frc492,frc2976,frc488,42.1449166666666,17,2,34
frc492,frc3218,frc957,42.139466666666635,17,25,14
frc492,frc6350,frc997,42.13368333333332,17,20,8
frc492,frc6350,frc6831,42.130916666666664,17,20,35
frc492,frc4512,frc4911,42.113000000000014,17,13,6
frc492,frc2990,frc488,42.10831666666666,17,28,34
frc492,frc2930,frc3663,42.09621666666671,17,7,24
frc492,frc2910,frc5827,42.09456666666666,17,1,29
frc492,frc4911,frc7461,42.07491666666667,17,6,27
frc492,frc2046,frc997,42.069666666666706,17,11,8
frc492,frc360,frc4131,42.06774999999999,17,26,33
frc492,frc3636,frc997,42.066249999999975,17,32,8
frc492,frc6831,frc997,42.04958333333332,17,35,8
frc492,frc2976,frc4488,42.049333333333315,17,2,9
frc492,frc4089,frc4488,42.04675000000005,17,22,9
frc492,frc2046,frc955,42.04048333333333,17,11,10
frc492,frc488,frc7461,42.015250000000016,17,34,27
frc492,frc2910,frc8248,42.00950000000005,17,1,49
frc492,frc2910,frc4043,41.9710833333334,17,1,48
frc492,frc1540,frc955,41.97089999999999,17,30,10
frc492,frc2046,frc4911,41.95591666666667,17,11,6
frc492,frc4089,frc997,41.95349999999997,17,22,8
frc492,frc4512,frc488,41.94033333333335,17,13,34
frc492,frc2910,frc568,41.91325000000002,17,1,47
frc492,frc3663,frc4131,41.911049999999996,17,24,33
frc492,frc2928,frc3674,41.899333333333324,17,40,12
frc492,frc2147,frc955,41.896416666666624,17,4,10
frc492,frc4911,frc997,41.89158333333341,17,6,8
frc492,frc2046,frc3663,41.88141666666671,17,11,24
frc492,frc2521,frc6350,41.87396666666663,17,16,20
frc492,frc2521,frc2976,41.86841666666675,17,16,2
frc492,frc7461,frc957,41.862099999999955,17,27,14
frc492,frc2928,frc6350,41.85631666666667,17,40,20
frc492,frc2635,frc997,41.85308333333333,17,46,8
frc492,frc1595,frc2976,41.83325000000003,17,5,2
frc492,frc2521,frc3218,41.83226666666669,17,16,25
frc492,frc2990,frc3663,41.82554999999997,17,28,24
frc492,frc2990,frc4131,41.824650000000034,17,28,33
frc492,frc2046,frc488,41.820300000000046,17,11,34
frc492,frc2910,frc3674,41.814583333333374,17,1,12
frc492,frc2990,frc955,41.80781666666669,17,28,10
frc492,frc2471,frc997,41.800333333333356,17,3,8
frc492,frc1899,frc2046,41.781333333333386,17,36,11
frc492,frc2928,frc3711,41.768816666666694,17,40,21
frc492,frc2147,frc3663,41.76648333333332,17,4,24
frc492,frc3218,frc4089,41.74891666666665,17,25,22
frc492,frc3636,frc4131,41.735883333333355,17,32,33
frc492,frc2976,frc2990,41.73341666666669,17,2,28
frc492,frc2930,frc2976,41.725833333333355,17,7,2
frc492,frc4089,frc7461,41.72024999999996,17,22,27
frc492,frc2412,frc997,41.71808333333342,17,45,8
frc492,frc1540,frc7461,41.70689999999999,17,30,27
frc492,frc360,frc3711,41.7035666666667,17,26,21
frc492,frc1595,frc1899,41.70105000000007,17,5,36
frc492,frc2521,frc997,41.69043333333332,17,16,8
frc492,frc1540,frc2930,41.67980000000006,17,30,7
frc492,frc2046,frc2471,41.676416666666675,17,11,3
frc492,frc1540,frc1595,41.65685000000009,17,30,5
frc492,frc2928,frc957,41.650766666666655,17,40,14
frc492,frc1540,frc7034,41.6408333333334,17,30,19
frc492,frc3711,frc997,41.64021666666674,17,21,8
frc492,frc1899,frc2976,41.63091666666667,17,36,2
frc492,frc1595,frc4911,41.62475000000008,17,5,6
frc492,frc1899,frc997,41.61895000000012,17,36,8
frc492,frc3711,frc4488,41.6153333333333,17,21,9
frc492,frc2046,frc7461,41.61043333333331,17,11,27
frc492,frc2910,frc3786,41.60508333333334,17,1,44
frc492,frc1540,frc360,41.59391666666667,17,30,26
frc492,frc488,frc997,41.587150000000044,17,34,8
frc492,frc2928,frc7034,41.58141666666668,17,40,19
frc492,frc360,frc997,41.57981666666669,17,26,8
frc492,frc2557,frc4488,41.57738333333334,17,18,9
frc492,frc4131,frc6831,41.573583333333346,17,33,35
frc492,frc4131,frc8248,41.5600833333333,17,33,49
frc492,frc1540,frc3711,41.55568333333337,17,30,21
frc492,frc3218,frc3636,41.53550000000001,17,25,32
frc492,frc2557,frc997,41.53286666666665,17,18,8
frc492,frc2521,frc2930,41.520683333333366,17,16,7
frc492,frc2557,frc4131,41.50548333333337,17,18,33
frc492,frc3218,frc3674,41.48950000000003,17,25,12
frc492,frc2471,frc2928,41.465733333333375,17,3,40
frc492,frc1540,frc4512,41.464249999999986,17,30,13
frc492,frc488,frc7034,41.44200000000002,17,34,19
frc492,frc4125,frc997,41.44183333333337,17,38,8
frc492,frc1595,frc2471,41.43313333333334,17,5,3
frc492,frc3636,frc7461,41.42276666666661,17,32,27
frc492,frc3674,frc4911,41.42091666666665,17,12,6
frc492,frc1425,frc2147,41.40348333333339,17,31,4
frc492,frc2930,frc955,41.40291666666674,17,7,10
frc492,frc2930,frc3711,41.40289999999998,17,7,21
frc492,frc1425,frc2046,41.39333333333334,17,31,11
frc492,frc2471,frc4131,41.39181666666665,17,3,33
frc492,frc2147,frc568,41.38908333333344,17,4,47
frc492,frc2811,frc3711,41.369583333333296,17,15,21
frc492,frc3711,frc4911,41.36825000000004,17,21,6
frc492,frc4131,frc8532,41.36608333333334,17,33,50
frc492,frc2046,frc957,41.36313333333337,17,11,14
frc492,frc2522,frc997,41.3616666666667,17,23,8
frc492,frc2990,frc4911,41.3566666666667,17,28,6
frc492,frc2521,frc2990,41.31675000000001,17,16,28
frc492,frc2046,frc3636,41.291916666666694,17,11,32
frc492,frc2471,frc3711,41.27913333333336,17,3,21
frc492,frc2928,frc2976,41.275833333333324,17,40,2
frc492,frc2557,frc2910,41.27245,17,18,1
frc492,frc1425,frc3711,41.26425,17,31,21
frc492,frc2976,frc7461,41.244083333333386,17,2,27
frc492,frc2046,frc5920,41.2318333333334,17,11,43
frc492,frc2522,frc2976,41.230500000000056,17,23,2
frc492,frc2147,frc3674,41.22590000000001,17,4,12
frc492,frc4488,frc997,41.217083333333214,17,9,8
frc492,frc2976,frc3674,41.20224999999993,17,2,12
frc492,frc957,frc997,41.198483333333314,17,14,8
frc492,frc2471,frc955,41.19238333333335,17,3,10
frc492,frc2046,frc4512,41.18966666666668,17,11,13
frc492,frc4089,frc488,41.18950000000007,17,22,34
frc492,frc2976,frc3786,41.18525000000003,17,2,44
frc492,frc2147,frc5827,41.184316666666646,17,4,29
frc492,frc3663,frc997,41.150050000000114,17,24,8
frc492,frc1540,frc2147,41.11250000000004,17,30,4
frc492,frc2046,frc3674,41.11191666666666,17,11,12
frc492,frc2522,frc2930,41.10383333333331,17,23,7
frc492,frc3218,frc4488,41.10339999999998,17,25,9
frc492,frc1359,frc2046,41.10266666666673,17,41,11
frc492,frc2976,frc4512,41.102250000000005,17,2,13
frc492,frc7034,frc955,41.101149999999905,17,19,10
frc492,frc4131,frc4911,41.0980333333333,17,33,6
frc492,frc1425,frc4089,41.09533333333336,17,31,22
frc492,frc3663,frc957,41.09359999999999,17,24,14
frc492,frc2976,frc957,41.07125000000002,17,2,14
frc492,frc4089,frc6831,41.070250000000044,17,22,35
frc492,frc4131,frc4488,41.05866666666668,17,33,9
frc492,frc3711,frc488,41.054433333333364,17,21,34
frc492,frc2046,frc4488,41.04980000000001,17,11,9
frc492,frc2147,frc7034,41.04488333333336,17,4,19
frc492,frc2521,frc7461,41.04351666666674,17,16,27
frc492,frc1899,frc4911,41.04326666666664,17,36,6
frc492,frc1899,frc957,41.03921666666669,17,36,14
frc492,frc1359,frc997,41.02749999999999,17,41,8
frc492,frc2930,frc997,41.02473333333333,17,7,8
frc492,frc2990,frc957,41.02215,17,28,14
frc492,frc1359,frc6350,41.01613333333336,17,41,20
frc492,frc2522,frc3711,41.01358333333339,17,23,21
frc492,frc4488,frc6831,41.00341666666677,17,9,35
frc492,frc1540,frc3674,40.9945833333333,17,30,12
frc492,frc2928,frc4131,40.98973333333338,17,40,33
frc492,frc2928,frc4089,40.972500000000096,17,40,22
frc492,frc1595,frc4488,40.97131666666668,17,5,9
frc492,frc2046,frc5827,40.952100000000016,17,11,29
frc492,frc2990,frc4512,40.94108333333337,17,28,13
frc492,frc2976,frc955,40.93833333333333,17,2,10
frc492,frc1595,frc2635,40.92874999999997,17,5,46
frc492,frc2521,frc2928,40.928166666666755,17,16,40
frc492,frc2990,frc3711,40.89943333333342,17,28,21
frc492,frc1425,frc2930,40.89565000000003,17,31,7
frc492,frc1540,frc3218,40.89283333333332,17,30,25
frc492,frc3636,frc3711,40.89138333333339,17,32,21
frc492,frc1595,frc2521,40.88271666666666,17,5,16
frc492,frc2046,frc4125,40.87916666666669,17,11,38
frc492,frc2930,frc360,40.87911666666666,17,7,26
frc492,frc1899,frc4131,40.87343333333328,17,36,33
frc492,frc3636,frc6350,40.86741666666668,17,32,20
frc492,frc2976,frc4513,40.861666666666714,17,2,37
frc492,frc955,frc957,40.86075,17,10,14
frc492,frc1595,frc7461,40.854366666666664,17,5,27
frc492,frc1595,frc955,40.84700000000004,17,5,10
frc492,frc360,frc4911,40.845916666666746,17,26,6
frc492,frc2930,frc4911,40.84224999999998,17,7,6
frc492,frc3711,frc5827,40.823983333333345,17,21,29
frc492,frc2976,frc360,40.813666666666656,17,2,26
frc492,frc2147,frc4089,40.81175000000003,17,4,22
frc492,frc2147,frc2557,40.80721666666667,17,4,18
frc492,frc4488,frc7034,40.79508333333333,17,9,19
frc492,frc4911,frc957,40.7779166666667,17,6,14
frc492,frc2976,frc4125,40.77333333333337,17,2,38
frc492,frc1425,frc7461,40.76555000000001,17,31,27
frc492,frc1540,frc4488,40.76533333333337,17,30,9
frc492,frc1595,frc2412,40.755750000000056,17,5,45
frc492,frc2147,frc4513,40.74883333333339,17,4,37
frc492,frc2930,frc3674,40.74316666666672,17,7,12
frc492,frc1595,frc3636,40.73380000000004,17,5,32
frc492,frc2471,frc488,40.731916666666656,17,3,34
frc492,frc3218,frc4512,40.72891666666665,17,25,13
frc492,frc2976,frc3663,40.718666666666685,17,2,24
frc492,frc5920,frc6350,40.712999999999965,17,43,20
frc492,frc1899,frc3711,40.68401666666678,17,36,21
frc492,frc2557,frc3711,40.669483333333346,17,18,21
frc492,frc2557,frc4089,40.66258333333338,17,18,22
frc492,frc2147,frc2811,40.66083333333332,17,4,15
frc492,frc1540,frc4089,40.6569166666667,17,30,22
frc492,frc2811,frc4131,40.64731666666666,17,15,33
frc492,frc2471,frc7461,40.610383333333274,17,3,27
frc492,frc7034,frc7461,40.606333333333325,17,19,27
frc492,frc2147,frc5920,40.60099999999999,17,4,43
frc492,frc6831,frc7461,40.57541666666671,17,35,27
frc492,frc2635,frc3674,40.56708333333337,17,46,12
frc492,frc1595,frc3663,40.562866666666636,17,5,24
frc492,frc2046,frc2635,40.55733333333338,17,11,46
frc492,frc1540,frc488,40.5390666666666,17,30,34
frc492,frc3786,frc7461,40.53549999999995,17,44,27
frc492,frc2521,frc957,40.53363333333334,17,16,14
frc492,frc1595,frc4915,40.528666666666695,17,5,42
frc492,frc2147,frc2471,40.52771666666671,17,4,3
frc492,frc2471,frc6350,40.50541666666667,17,3,20
frc492,frc2930,frc957,40.49676666666672,17,7,14
frc492,frc4915,frc6350,40.49258333333339,17,42,20
frc492,frc1359,frc4131,40.48886666666668,17,41,33
frc492,frc2930,frc2990,40.48688333333337,17,7,28
frc492,frc1359,frc3218,40.48359999999997,17,41,25
frc492,frc4512,frc957,40.479500000000016,17,13,14
frc492,frc2521,frc4911,40.456000000000046,17,16,6
frc492,frc1595,frc4089,40.44683333333325,17,5,22
frc492,frc4915,frc997,40.44641666666673,17,42,8
frc492,frc2521,frc4131,40.44638333333336,17,16,33
frc492,frc2910,frc4915,40.44200000000002,17,1,42
frc492,frc1294,frc6350,40.441649999999946,17,39,20
frc492,frc4089,frc7034,40.438083333333346,17,22,19
frc492,frc2990,frc360,40.431416666666735,17,28,26
frc492,frc1294,frc2471,40.42883333333334,17,39,3
frc492,frc2811,frc997,40.422,17,15,8
frc492,frc3711,frc6831,40.42050000000005,17,21,35
frc492,frc2910,frc5920,40.4164166666667,17,1,43
frc492,frc3786,frc6350,40.415333333333365,17,44,20
frc492,frc2930,frc5827,40.41146666666668,17,7,29
frc492,frc3218,frc3663,40.40491666666669,17,25,24
frc492,frc2522,frc4911,40.39383333333329,17,23,6
frc492,frc2046,frc4513,40.38158333333347,17,11,37
frc492,frc1540,frc4131,40.37613333333337,17,30,33
frc492,frc6350,frc955,40.3719166666667,17,20,10
frc492,frc2990,frc6831,40.36408333333336,17,28,35
frc492,frc2471,frc2990,40.336450000000056,17,3,28
frc492,frc3711,frc7034,40.33416666666671,17,21,19
frc492,frc4488,frc4911,40.33416666666664,17,9,6
frc492,frc4043,frc4131,40.32069999999999,17,48,33
frc492,frc1540,frc3663,40.31658333333331,17,30,24
frc492,frc2471,frc2521,40.29068333333328,17,3,16
frc492,frc2522,frc957,40.28341666666672,17,23,14
frc492,frc2522,frc488,40.28316666666662,17,23,34
frc492,frc3663,frc4089,40.27900000000009,17,24,22
frc492,frc2557,frc3663,40.277916666666705,17,18,24
frc492,frc4915,frc7034,40.272500000000036,17,42,19
frc492,frc2147,frc3786,40.267516666666666,17,4,44
frc492,frc1595,frc3674,40.258250000000004,17,5,12
frc492,frc2990,frc3674,40.24608333333336,17,28,12
frc492,frc2930,frc3636,40.238183333333325,17,7,32
frc492,frc1540,frc6831,40.23541666666666,17,30,35
frc492,frc2522,frc4089,40.22633333333341,17,23,22
frc492,frc3674,frc997,40.22008333333331,17,12,8
frc492,frc568,frc997,40.216333333333324,17,47,8
frc492,frc4089,frc4915,40.20841666666673,17,22,42
frc492,frc2147,frc2412,40.203933333333254,17,4,45
frc492,frc2976,frc3636,40.1959166666667,17,2,32
frc492,frc6831,frc957,40.19291666666664,17,35,14
frc492,frc1425,frc1595,40.18178333333337,17,31,5
frc492,frc2522,frc2990,40.16458333333337,17,23,28
frc492,frc4089,frc955,40.1633166666667,17,22,10
frc492,frc2557,frc6350,40.13971666666666,17,18,20
frc492,frc1294,frc1595,40.133933333333424,17,39,5
frc492,frc2046,frc2412,40.132750000000065,17,11,45
frc492,frc2471,frc3636,40.122833333333375,17,3,32
frc492,frc1595,frc7034,40.118333333333354,17,5,19
frc492,frc2522,frc3218,40.11033333333336,17,23,25
frc492,frc1595,frc4125,40.10741666666669,17,5,38
frc492,frc1540,frc2471,40.09591666666668,17,30,3
frc492,frc4513,frc997,40.09471666666669,17,37,8
frc492,frc3711,frc957,40.088916666666634,17,21,14
frc492,frc7461,frc955,40.08668333333336,17,27,10
frc492,frc3636,frc955,40.07201666666665,17,32,10
frc492,frc4043,frc488,40.068350000000024,17,48,34
frc492,frc2046,frc8532,40.06633333333338,17,11,50
frc492,frc5827,frc997,40.05504999999995,17,29,8
frc492,frc1425,frc4131,40.05018333333334,17,31,33
frc492,frc1425,frc3663,40.04638333333336,17,31,24
frc492,frc2471,frc4488,40.040366666666685,17,3,9
frc492,frc1595,frc4513,40.03931666666669,17,5,37
frc492,frc3674,frc488,40.038583333333364,17,12,34
frc492,frc2471,frc2930,40.03621666666668,17,3,7
frc492,frc6831,frc955,40.02740000000006,17,35,10
frc492,frc2976,frc8248,40.022083333333356,17,2,49
frc492,frc3636,frc488,40.01808333333332,17,32,34
frc492,frc3663,frc6831,40.01591666666665,17,24,35
frc492,frc3711,frc568,40.01341666666668,17,21,47
frc492,frc1899,frc4089,39.98851666666668,17,36,22
frc492,frc4512,frc7461,39.982999999999976,17,13,27
frc492,frc2522,frc955,39.97671666666667,17,23,10
frc492,frc3786,frc997,39.975300000000004,17,44,8
frc492,frc2471,frc4911,39.96475000000006,17,3,6
frc492,frc3663,frc4911,39.96408333333335,17,24,6
frc492,frc4915,frc7461,39.95666666666671,17,42,27
frc492,frc2635,frc3711,39.95049999999999,17,46,21
frc492,frc2046,frc4915,39.94483333333334,17,11,42
frc492,frc360,frc3663,39.94383333333329,17,26,24
frc492,frc2990,frc4488,39.92851666666663,17,28,9
frc492,frc1540,frc957,39.926583333333355,17,30,14
frc492,frc2147,frc4488,39.916883333333374,17,4,9
frc492,frc2521,frc360,39.8994,17,16,26
frc492,frc2147,frc4125,39.88921666666667,17,4,38
frc492,frc1425,frc2928,39.880033333333394,17,31,40
frc492,frc1595,frc8532,39.87850000000008,17,5,50
frc492,frc1359,frc1595,39.875949999999996,17,41,5
frc492,frc2471,frc3674,39.87416666666673,17,3,12
frc492,frc1425,frc6350,39.857016666666716,17,31,20
frc492,frc1294,frc2046,39.85343333333334,17,39,11
frc492,frc488,frc955,39.85091666666666,17,34,10
frc492,frc2811,frc3663,39.849083333333276,17,15,24
frc492,frc2635,frc7461,39.840249999999976,17,46,27
frc492,frc2471,frc2557,39.83289999999995,17,3,18
frc492,frc2811,frc7461,39.82983333333331,17,15,27
frc492,frc2046,frc568,39.821250000000134,17,11,47
frc492,frc1359,frc488,39.81025,17,41,34
frc492,frc1294,frc4089,39.809133333333335,17,39,22
frc492,frc2412,frc6350,39.796833333333346,17,45,20
frc492,frc1425,frc997,39.79345000000006,17,31,8
frc492,frc5827,frc6350,39.788716666666694,17,29,20
frc492,frc4089,frc568,39.7857500000001,17,22,47
frc492,frc2521,frc7034,39.78574999999997,17,16,19
frc492,frc2928,frc4488,39.77403333333336,17,40,9
frc492,frc2522,frc6350,39.773583333333306,17,23,20
frc492,frc2471,frc4915,39.76483333333334,17,3,42
frc492,frc2557,frc2930,39.75346666666671,17,18,7
frc492,frc2147,frc4915,39.749749999999985,17,4,42
frc492,frc4512,frc6350,39.74391666666666,17,13,20
frc492,frc2521,frc3663,39.73775000000002,17,16,24
frc492,frc2990,frc4089,39.736916666666694,17,28,22
frc492,frc2046,frc3786,39.72841666666672,17,11,44
frc492,frc2976,frc4911,39.723666666666745,17,2,6
frc492,frc3674,frc957,39.722249999999974,17,12,14
frc492,frc3218,frc488,39.72110000000002,17,25,34
frc492,frc2471,frc2811,39.71833333333336,17,3,15
frc492,frc2930,frc7034,39.71224999999998,17,7,19
frc492,frc2557,frc3218,39.70798333333331,17,18,25
frc492,frc488,frc8532,39.70508333333333,17,34,50
frc492,frc3663,frc4512,39.701583333333346,17,24,13
frc492,frc3636,frc4911,39.69933333333331,17,32,6
frc492,frc4915,frc568,39.695166666666665,17,42,47
frc492,frc2521,frc4089,39.6917666666666,17,16,22
frc492,frc2521,frc4488,39.68919999999998,17,16,9
frc492,frc4089,frc4911,39.687833333333316,17,22,6
frc492,frc2990,frc3636,39.68428333333337,17,28,32
frc492,frc4043,frc568,39.67975000000003,17,48,47
frc492,frc3218,frc4125,39.67558333333336,17,25,38
frc492,frc568,frc6350,39.67449999999999,17,47,20
frc492,frc2471,frc4089,39.67024999999997,17,3,22
frc492,frc3674,frc4512,39.66458333333326,17,12,13
frc492,frc2412,frc3711,39.66266666666664,17,45,21
frc492,frc2471,frc4512,39.65391666666665,17,3,13
frc492,frc4512,frc955,39.64428333333335,17,13,10
frc492,frc2990,frc7034,39.63558333333332,17,28,19
frc492,frc3674,frc4131,39.63133333333339,17,12,33
frc492,frc2521,frc955,39.63005000000003,17,16,10
frc492,frc4488,frc955,39.62370000000003,17,9,10
frc492,frc1294,frc2976,39.621499999999976,17,39,2
frc492,frc2930,frc4488,39.619233333333334,17,7,9
frc492,frc5827,frc957,39.58943333333335,17,29,14
frc492,frc1540,frc2522,39.58316666666662,17,30,23
frc492,frc2811,frc955,39.58163333333337,17,15,10
frc492,frc3663,frc7461,39.57563333333336,17,24,27
frc492,frc2471,frc2522,39.570250000000044,17,3,23
frc492,frc2412,frc488,39.568416666666685,17,45,34
frc492,frc1595,frc4043,39.56369999999998,17,5,48
frc492,frc3663,frc955,39.55813333333334,17,24,10
frc492,frc2811,frc4488,39.545750000000005,17,15,9
frc492,frc3674,frc7034,39.54366666666661,17,12,19
frc492,frc3663,frc7034,39.54216666666667,17,24,19
frc492,frc1540,frc2557,39.53024999999993,17,30,18
frc492,frc1595,frc4512,39.518833333333404,17,5,13
frc492,frc2928,frc5827,39.507633333333295,17,40,29
frc492,frc1540,frc2521,39.50563333333339,17,30,16
frc492,frc2522,frc4131,39.48941666666671,17,23,33
frc492,frc4125,frc6350,39.47508333333333,17,38,20
frc492,frc2557,frc568,39.467666666666716,17,18,47
frc492,frc4911,frc5827,39.45336666666671,17,6,29
frc492,frc1540,frc2990,39.44006666666671,17,30,28
frc492,frc360,frc488,39.438283333333324,17,26,34
frc492,frc2471,frc3663,39.408083333333344,17,3,24
frc492,frc4089,frc5920,39.40024999999994,17,22,43
frc492,frc1540,frc4911,39.383416666666605,17,30,6
frc492,frc360,frc6350,39.380583333333334,17,26,20
frc492,frc2471,frc7034,39.378833333333375,17,3,19
frc492,frc8532,frc997,39.375,17,50,8
frc492,frc2521,frc488,39.37413333333334,17,16,34
frc492,frc2557,frc955,39.36513333333339,17,18,10
frc492,frc1425,frc7034,39.363166666666594,17,31,19
frc492,frc1899,frc3218,39.3555833333334,17,36,25
frc492,frc6831,frc7034,39.34475000000001,17,35,19
frc492,frc2557,frc4915,39.34466666666662,17,18,42
frc492,frc2811,frc488,39.342499999999994,17,15,34
frc492,frc2557,frc5920,39.33416666666667,17,18,43
frc492,frc3636,frc957,39.3327666666666,17,32,14
frc492,frc2412,frc2928,39.332166666666666,17,45,40
frc492,frc1294,frc4488,39.3259,17,39,9
frc492,frc1425,frc3218,39.31583333333337,17,31,25
frc492,frc1425,frc2990,39.31521666666669,17,31,28
frc492,frc4911,frc6831,39.30558333333331,17,6,35
frc492,frc2521,frc2811,39.302266666666654,17,16,15
frc492,frc1359,frc2976,39.30083333333334,17,41,2
frc492,frc2522,frc2928,39.29358333333336,17,23,40
frc492,frc2557,frc7461,39.29316666666664,17,18,27
frc492,frc568,frc6831,39.2881666666667,17,47,35
frc492,frc3711,frc4125,39.28466666666665,17,21,38
frc492,frc2046,frc8248,39.27691666666666,17,11,49
frc492,frc4089,frc4512,39.27266666666667,17,22,13
frc492,frc2522,frc4512,39.27083333333328,17,23,13
frc492,frc1899,frc6350,39.26043333333339,17,36,20
frc492,frc1899,frc3636,39.255100000000056,17,36,32
frc492,frc4512,frc7034,39.24399999999997,17,13,19
frc492,frc1540,frc2811,39.241916666666626,17,30,15
frc492,frc3636,frc3663,39.23508333333335,17,32,24
frc492,frc4915,frc6831,39.23491666666669,17,42,35
frc492,frc1359,frc568,39.23291666666666,17,41,47
frc492,frc3674,frc955,39.215183333333336,17,12,10
frc492,frc488,frc5827,39.215033333333295,17,34,29
frc492,frc2928,frc3636,39.187583333333365,17,40,32
frc492,frc1425,frc957,39.16671666666667,17,31,14
frc492,frc2976,frc5827,39.162916666666625,17,2,29
frc492,frc4488,frc5920,39.15200000000003,17,9,43
frc492,frc4131,frc488,39.13970000000001,17,33,34
frc492,frc1359,frc4911,39.13558333333334,17,41,6
frc492,frc2147,frc8248,39.132266666666624,17,4,49
frc492,frc2521,frc4512,39.123516666666646,17,16,13
frc492,frc3636,frc6831,39.11599999999999,17,32,35
frc492,frc2811,frc2928,39.11016666666667,17,15,40
frc492,frc2147,frc4043,39.105699999999985,17,4,48
frc492,frc568,frc7461,39.103500000000025,17,47,27
frc492,frc1425,frc1540,39.098700000000065,17,31,30
frc492,frc1595,frc5827,39.07990000000004,17,5,29
frc492,frc1294,frc2147,39.0777666666667,17,39,4
frc492,frc6350,frc8532,39.07758333333335,17,20,50
frc492,frc3711,frc4915,39.074583333333294,17,21,42
frc492,frc3663,frc4488,39.07140000000005,17,24,9
frc492,frc2811,frc2930,39.06391666666668,17,15,7
frc492,frc1595,frc3786,39.04759999999996,17,5,44
frc492,frc1899,frc3663,39.03941666666667,17,36,24
frc492,frc2811,frc6350,39.019249999999985,17,15,20
frc492,frc2557,frc3674,39.01849999999996,17,18,12
frc492,frc2811,frc4089,39.01341666666671,17,15,22
frc492,frc2412,frc4915,39.012749999999976,17,45,42
frc492,frc1595,frc2522,38.99949999999998,17,5,23
frc492,frc2521,frc2557,38.99379999999997,17,16,18
frc492,frc1425,frc3636,38.99101666666664,17,31,32
frc492,frc1540,frc2976,38.98974999999999,17,30,2
frc492,frc4488,frc568,38.964999999999925,17,9,47
frc492,frc2522,frc360,38.95658333333331,17,23,26
frc492,frc1359,frc2990,38.95476666666664,17,41,28
frc492,frc4488,frc7461,38.954149999999935,17,9,27
frc492,frc360,frc955,38.9368666666667,17,26,10
frc492,frc2522,frc3674,38.931416666666586,17,23,12
frc492,frc1595,frc360,38.925733333333255,17,5,26
frc492,frc3636,frc4488,38.90698333333329,17,32,9
frc492,frc2930,frc4089,38.90183333333331,17,7,22
frc492,frc3674,frc4089,38.89883333333332,17,12,22
frc492,frc2635,frc4915,38.89133333333329,17,46,42
frc492,frc2412,frc568,38.88958333333334,17,45,47
frc492,frc2471,frc957,38.88801666666673,17,3,14
frc492,frc2522,frc4488,38.88799999999999,17,23,9
frc492,frc360,frc7461,38.88394999999998,17,26,27
frc492,frc2811,frc4915,38.87566666666667,17,15,42
frc492,frc3663,frc5920,38.870166666666684,17,24,43
frc492,frc3711,frc5920,38.868500000000004,17,21,43
frc492,frc2557,frc4911,38.8648333333333,17,18,6
frc492,frc3786,frc4089,38.855916666666715,17,44,22
frc492,frc2557,frc360,38.84946666666667,17,18,26
frc492,frc2471,frc2635,38.84725000000001,17,3,46
frc492,frc1540,frc3636,38.84716666666669,17,30,32
frc492,frc3218,frc6831,38.83866666666666,17,25,35
frc492,frc2471,frc360,38.83066666666671,17,3,26
frc492,frc2557,frc2811,38.82725000000004,17,18,15
frc492,frc2811,frc360,38.826166666666644,17,15,26
frc492,frc3218,frc5920,38.82316666666665,17,25,43
frc492,frc568,frc7034,38.816333333333375,17,47,19
frc492,frc4488,frc4512,38.804166666666674,17,9,13
frc492,frc2521,frc3674,38.802916666666675,17,16,12
frc492,frc1425,frc4512,38.80000000000002,17,31,13
frc492,frc1899,frc2990,38.78581666666661,17,36,28
frc492,frc1540,frc568,38.78274999999996,17,30,47
frc492,frc2635,frc3663,38.77350000000001,17,46,24
frc492,frc3636,frc7034,38.769416666666686,17,32,19
frc492,frc1359,frc2930,38.768916666666684,17,41,7
frc492,frc1899,frc4512,38.75396666666666,17,36,13
frc492,frc2522,frc7034,38.74958333333338,17,23,19
frc492,frc4488,frc6350,38.7418,17,9,20
frc492,frc2557,frc7034,38.740083333333345,17,18,19
frc492,frc2471,frc6831,38.72616666666666,17,3,35
frc492,frc1425,frc2521,38.72416666666666,17,31,16
frc492,frc4512,frc4513,38.722250000000024,17,13,37
frc492,frc4488,frc4915,38.70941666666672,17,9,42
frc492,frc1899,frc2811,38.70391666666671,17,36,15
frc492,frc4089,frc4513,38.70158333333337,17,22,37
frc492,frc3786,frc4488,38.69445000000006,17,44,9
frc492,frc4488,frc957,38.68795000000003,17,9,14
frc492,frc5920,frc997,38.68666666666669,17,43,8
frc492,frc4043,frc997,38.686300000000045,17,48,8
frc492,frc1595,frc2811,38.68516666666669,17,5,15
frc492,frc1294,frc997,38.67841666666668,17,39,8
frc492,frc2930,frc4513,38.66370000000003,17,7,37
frc492,frc360,frc4488,38.662916666666604,17,26,9
frc492,frc4125,frc4131,38.66059999999994,17,38,33
frc492,frc1899,frc2471,38.65699999999997,17,36,3
frc492,frc4125,frc4488,38.65300000000003,17,38,9
frc492,frc1899,frc7461,38.644799999999975,17,36,27
frc492,frc4513,frc6350,38.627833333333335,17,37,20
frc492,frc2522,frc3663,38.62100000000001,17,23,24
frc492,frc2811,frc3674,38.60916666666673,17,15,12
frc492,frc2811,frc4512,38.605749999999965,17,15,13
frc492,frc1595,frc2557,38.60554999999996,17,5,18
frc492,frc1425,frc955,38.59541666666666,17,31,10
frc492,frc7034,frc957,38.59383333333331,17,19,14
frc492,frc1899,frc360,38.5857500000001,17,36,26
frc492,frc1899,frc7034,38.581916666666686,17,36,19
frc492,frc3674,frc4488,38.57950000000003,17,12,9
frc492,frc3663,frc3674,38.562750000000015,17,24,12
frc492,frc4513,frc955,38.5548166666667,17,37,10
frc492,frc2471,frc3786,38.55333333333333,17,3,44
frc492,frc4911,frc7034,38.55233333333339,17,6,19
frc492,frc4089,frc957,38.53624999999999,17,22,14
frc492,frc2990,frc5827,38.52730000000003,17,28,29
frc492,frc2930,frc4915,38.52374999999998,17,7,42
frc492,frc1425,frc6831,38.47608333333329,17,31,35
frc492,frc1359,frc2928,38.47206666666668,17,41,40
frc492,frc2928,frc4125,38.470499999999916,17,40,38
frc492,frc2557,frc4043,38.46501666666666,17,18,48
frc492,frc1425,frc4915,38.463916666666684,17,31,42
frc492,frc4125,frc7461,38.456916666666665,17,38,27
frc492,frc2557,frc6831,38.44374999999992,17,18,35
frc492,frc2976,frc8532,38.425666666666686,17,2,50
frc492,frc2412,frc3218,38.413833333333294,17,45,25
frc492,frc2635,frc6350,38.41366666666665,17,46,20
frc492,frc4915,frc5920,38.41166666666667,17,42,43
frc492,frc360,frc6831,38.41,17,26,35
frc492,frc2930,frc4125,38.400250000000014,17,7,38
frc492,frc2557,frc2928,38.39481666666668,17,18,40
frc492,frc3636,frc568,38.39466666666662,17,32,47
frc492,frc2521,frc2522,38.3915,17,16,23
frc492,frc1425,frc4488,38.38583333333334,17,31,9
frc492,frc1595,frc5920,38.37833333333338,17,5,43
frc492,frc3786,frc488,38.37333333333331,17,44,34
frc492,frc360,frc4915,38.36466666666661,17,26,42
frc492,frc2522,frc2557,38.363083333333336,17,23,18
frc492,frc5827,frc955,38.361149999999974,17,29,10
frc492,frc2412,frc7461,38.35458333333333,17,45,27
frc492,frc3786,frc4131,38.35068333333331,17,44,33
frc492,frc1540,frc4125,38.34408333333339,17,30,38
frc492,frc2557,frc4512,38.34325000000002,17,18,13
frc492,frc2635,frc7034,38.340166666666704,17,46,19
frc492,frc2990,frc568,38.33983333333338,17,28,47
frc492,frc2521,frc6831,38.33108333333335,17,16,35
frc492,frc2928,frc4043,38.320916666666704,17,40,48
frc492,frc4512,frc5827,38.318466666666644,17,13,29
frc492,frc4488,frc5827,38.31416666666666,17,9,29
frc492,frc4512,frc4915,38.303000000000054,17,13,42
frc492,frc3636,frc4513,38.290749999999946,17,32,37
frc492,frc3218,frc5827,38.27088333333334,17,25,29
frc492,frc1425,frc360,38.26991666666664,17,31,26
frc492,frc2557,frc8532,38.25733333333329,17,18,50
frc492,frc2635,frc4512,38.253749999999954,17,46,13
frc492,frc2412,frc7034,38.24733333333341,17,45,19
frc492,frc360,frc957,38.24369999999994,17,26,14
frc492,frc2811,frc4911,38.22883333333335,17,15,6
frc492,frc2635,frc4089,38.22433333333332,17,46,22
frc492,frc3218,frc568,38.200166666666675,17,25,47
frc492,frc2046,frc4043,38.197500000000076,17,11,48
frc492,frc1595,frc8248,38.192266666666704,17,5,49
frc492,frc360,frc7034,38.1899166666667,17,26,19
frc492,frc360,frc4512,38.18633333333333,17,26,13
frc492,frc568,frc957,38.18616666666667,17,47,14
frc492,frc3786,frc7034,38.17991666666667,17,44,19
frc492,frc1359,frc957,38.17893333333336,17,41,14
frc492,frc1294,frc4911,38.169883333333345,17,39,6
frc492,frc4131,frc5827,38.16273333333333,17,33,29
frc492,frc8532,frc955,38.15374999999998,17,50,10
frc492,frc2928,frc568,38.14958333333335,17,40,47
frc492,frc2635,frc4911,38.14766666666671,17,46,6
frc492,frc2928,frc6831,38.125749999999904,17,40,35
frc492,frc2976,frc4043,38.12341666666664,17,2,48
frc492,frc8248,frc997,38.10733333333338,17,49,8
frc492,frc360,frc3674,38.10149999999998,17,26,12
frc492,frc2412,frc2930,38.101000000000006,17,45,7
frc492,frc3674,frc5827,38.10074999999996,17,12,29
frc492,frc7461,frc8532,38.09924999999996,17,27,50
frc492,frc2557,frc3636,38.06693333333337,17,18,32
frc492,frc2471,frc5920,38.063666666666634,17,3,43
frc492,frc4089,frc5827,38.04035000000002,17,22,29
frc492,frc4043,frc6831,38.0378333333333,17,48,35
frc492,frc4125,frc6831,38.03358333333336,17,38,35
frc492,frc2412,frc4043,38.02974999999995,17,45,48
frc492,frc2412,frc4512,38.02691666666666,17,45,13
frc492,frc3786,frc4915,38.02633333333328,17,44,42
frc492,frc2811,frc7034,38.02324999999999,17,15,19
frc492,frc1425,frc488,38.02146666666664,17,31,34
frc492,frc4512,frc5920,38.01874999999999,17,13,43
frc492,frc2930,frc568,38.00208333333331,17,7,47
frc492,frc2990,frc4915,37.99866666666664,17,28,42
frc492,frc3663,frc4513,37.99508333333331,17,24,37
frc492,frc2412,frc2635,37.983083333333305,17,45,46
frc492,frc3636,frc5920,37.96758333333332,17,32,43
frc492,frc360,frc568,37.95833333333336,17,26,47
frc492,frc3711,frc4513,37.95796666666676,17,21,37
frc492,frc2522,frc2811,37.940333333333335,17,23,15
frc492,frc2811,frc4513,37.93908333333328,17,15,37
frc492,frc2811,frc568,37.93883333333335,17,15,47
frc492,frc1540,frc2635,37.92874999999998,17,30,46
frc492,frc4125,frc955,37.918050000000015,17,38,10
frc492,frc3636,frc4512,37.91300000000007,17,32,13
frc492,frc1359,frc7461,37.902183333333355,17,41,27
frc492,frc3674,frc6350,37.90183333333336,17,12,20
frc492,frc3674,frc4125,37.89224999999996,17,12,38
frc492,frc1425,frc2557,37.879249999999956,17,31,18
frc492,frc1294,frc2557,37.87393333333332,17,39,18
frc492,frc4911,frc8532,37.87091666666669,17,6,50
frc492,frc1540,frc1899,37.86210000000002,17,30,36
frc492,frc1359,frc2412,37.85391666666664,17,41,45
frc492,frc4043,frc6350,37.846499999999935,17,48,20
frc492,frc2811,frc957,37.825583333333356,17,15,14
frc492,frc4512,frc568,37.816999999999986,17,13,47
frc492,frc8532,frc957,37.814750000000046,17,50,14
frc492,frc4125,frc7034,37.80733333333328,17,38,19
frc492,frc1425,frc2471,37.804850000000016,17,31,3
frc492,frc3218,frc8532,37.794833333333294,17,25,50
frc492,frc360,frc4089,37.79083333333338,17,26,22
frc492,frc2521,frc4125,37.787016666666666,17,16,38
frc492,frc1899,frc955,37.77005,17,36,10
frc492,frc5827,frc7034,37.76658333333327,17,29,19
frc492,frc1359,frc3663,37.76318333333338,17,41,24
frc492,frc2811,frc2990,37.75558333333331,17,15,28
frc492,frc1359,frc3711,37.74501666666664,17,41,21
frc492,frc3711,frc4043,37.74316666666667,17,21,48
frc492,frc1899,frc2521,37.73716666666662,17,36,16
frc492,frc2521,frc568,37.73116666666668,17,16,47
frc492,frc2557,frc488,37.706266666666636,17,18,34
frc492,frc1899,frc2557,37.70195000000003,17,36,18
frc492,frc2928,frc488,37.69210000000004,17,40,34
frc492,frc4512,frc6831,37.67266666666666,17,13,35
frc492,frc1540,frc3786,37.65500000000001,17,30,44
frc492,frc1359,frc955,37.6522333333334,17,41,10
frc492,frc2635,frc568,37.64224999999996,17,46,47
frc492,frc1899,frc8248,37.6303333333333,17,36,49
frc492,frc3636,frc3674,37.62775000000003,17,32,12
frc492,frc3674,frc7461,37.62266666666664,17,12,27
frc492,frc3674,frc8532,37.614416666666656,17,12,50
frc492,frc5827,frc7461,37.60751666666669,17,29,27
frc492,frc2471,frc4513,37.600916666666684,17,3,37
frc492,frc4513,frc7034,37.5878333333333,17,37,19
frc492,frc1359,frc360,37.587599999999945,17,41,26
frc492,frc2635,frc2930,37.57733333333336,17,46,7
frc492,frc3218,frc8248,37.57683333333331,17,25,49
frc492,frc2635,frc4131,37.576833333333305,17,46,33
frc492,frc4043,frc4488,37.55613333333329,17,48,9
frc492,frc1425,frc2811,37.55333333333337,17,31,15
frc492,frc2521,frc3636,37.54818333333336,17,16,32
frc492,frc1540,frc8532,37.54016666666668,17,30,50
frc492,frc2557,frc2990,37.53826666666666,17,18,28
frc492,frc2635,frc955,37.52825000000001,17,46,10
frc492,frc1359,frc1540,37.52196666666669,17,41,30
frc492,frc2635,frc2928,37.52008333333327,17,46,40
frc492,frc1359,frc4512,37.519166666666656,17,41,13
frc492,frc488,frc4915,37.51608333333334,17,34,42
frc492,frc2522,frc7461,37.513333333333335,17,23,27
frc492,frc3636,frc4089,37.5106666666667,17,32,22
frc492,frc2412,frc957,37.4918333333333,17,45,14
frc492,frc2635,frc3218,37.491666666666674,17,46,25
frc492,frc4125,frc4512,37.48174999999993,17,38,13
frc492,frc3786,frc4911,37.48141666666662,17,44,6
frc492,frc2471,frc5827,37.478483333333294,17,3,29
frc492,frc3663,frc4125,37.476000000000006,17,24,38
frc492,frc2471,frc568,37.47033333333332,17,3,47
frc492,frc488,frc568,37.46991666666663,17,34,47
frc492,frc4488,frc4513,37.45563333333335,17,9,37
frc492,frc1359,frc4089,37.447750000000035,17,41,22
frc492,frc5920,frc7034,37.4220833333333,17,43,19
frc492,frc4911,frc568,37.41999999999999,17,6,47
frc492,frc4513,frc957,37.40385,17,37,14
frc492,frc488,frc8248,37.38616666666672,17,34,49
frc492,frc2557,frc3786,37.38440000000001,17,18,44
frc492,frc5920,frc7461,37.36325000000002,17,43,27
frc492,frc1294,frc7461,37.35930000000004,17,39,27
frc492,frc3218,frc4513,37.359249999999925,17,25,37
frc492,frc4915,frc8532,37.35899999999998,17,42,50
frc492,frc2522,frc3636,37.35599999999999,17,23,32
frc492,frc1899,frc3674,37.3436666666667,17,36,12
frc492,frc2928,frc8248,37.34191666666666,17,40,49
frc492,frc2522,frc6831,37.33700000000002,17,23,35
frc492,frc1899,frc4488,37.33565,17,36,9
frc492,frc3218,frc4915,37.32400000000001,17,25,42
frc492,frc1359,frc4043,37.307666666666634,17,41,48
frc492,frc3674,frc5920,37.294583333333286,17,12,43
frc492,frc3674,frc568,37.29025000000005,17,12,47
frc492,frc3674,frc6831,37.28649999999997,17,12,35
frc492,frc3636,frc4125,37.27341666666669,17,32,38
frc492,frc2928,frc8532,37.26616666666665,17,40,50
frc492,frc2412,frc2557,37.26574999999998,17,45,18
frc492,frc2930,frc5920,37.26558333333336,17,7,43
frc492,frc2990,frc4125,37.26141666666667,17,28,38
frc492,frc2811,frc3636,37.24833333333334,17,15,32
frc492,frc3663,frc3786,37.24675000000003,17,24,44
frc492,frc1294,frc1540,37.24399999999997,17,39,30
frc492,frc1294,frc488,37.2234,17,39,34
frc492,frc4488,frc488,37.22185000000002,17,9,34
frc492,frc5827,frc6831,37.214166666666635,17,29,35
frc492,frc4131,frc4915,37.204249999999945,17,33,42
frc492,frc2471,frc4043,37.203000000000046,17,3,48
frc492,frc1294,frc4512,37.2014833333333,17,39,13
frc492,frc4513,frc7461,37.19586666666664,17,37,27
frc492,frc4089,frc4125,37.19249999999994,17,22,38
frc492,frc2635,frc957,37.186999999999976,17,46,14
frc492,frc3663,frc5827,37.17536666666664,17,24,29
frc492,frc1899,frc2928,37.1732833333334,17,36,40
frc492,frc2522,frc4513,37.16674999999999,17,23,37
frc492,frc2635,frc4043,37.158166666666574,17,46,48
frc492,frc2990,frc3786,37.14656666666662,17,28,44
frc492,frc2930,frc8532,37.137499999999925,17,7,50
frc492,frc3674,frc4915,37.130583333333334,17,12,42
frc492,frc2811,frc5920,37.12725000000003,17,15,43
frc492,frc1294,frc3711,37.12654999999999,17,39,21
frc492,frc1425,frc4911,37.11166666666671,17,31,6
frc492,frc2557,frc957,37.1026333333333,17,18,14
frc492,frc1359,frc2522,37.100583333333354,17,41,23
frc492,frc2522,frc5827,37.09383333333336,17,23,29
frc492,frc1540,frc5827,37.09320000000001,17,30,29
frc492,frc4131,frc5920,37.08283333333332,17,33,43
frc492,frc360,frc4513,37.07608333333332,17,26,37
frc492,frc2521,frc4513,37.06935000000001,17,16,37
frc492,frc2635,frc360,37.048833333333384,17,46,26
frc492,frc4043,frc4089,37.04633333333333,17,48,22
frc492,frc2557,frc5827,37.04233333333336,17,18,29
frc492,frc2635,frc4488,37.015083333333315,17,46,9
frc492,frc2522,frc2635,37.01474999999997,17,23,46
frc492,frc1359,frc6831,36.99875000000004,17,41,35
frc492,frc2471,frc4125,36.99349999999998,17,3,38
frc492,frc2930,frc6831,36.98141666666666,17,7,35
frc492,frc2412,frc4089,36.975000000000016,17,45,22
frc492,frc3636,frc4915,36.97383333333329,17,32,42
frc492,frc360,frc4125,36.97358333333332,17,26,38
frc492,frc1899,frc488,36.96968333333337,17,36,34
frc492,frc1540,frc4513,36.96333333333331,17,30,37
frc492,frc1294,frc568,36.948916666666655,17,39,47
frc492,frc2471,frc8532,36.94550000000001,17,3,50
frc492,frc1899,frc8532,36.93708333333336,17,36,50
frc492,frc2412,frc2471,36.928666666666665,17,45,3
frc492,frc568,frc955,36.91534999999994,17,47,10
frc492,frc1294,frc3674,36.90833333333333,17,39,12
frc492,frc5920,frc955,36.90786666666667,17,43,10
frc492,frc2521,frc5827,36.904916666666644,17,16,29
frc492,frc360,frc5920,36.89691666666668,17,26,43
frc492,frc3674,frc3786,36.881749999999975,17,12,44
frc492,frc2412,frc8532,36.86741666666667,17,45,50
frc492,frc3636,frc8248,36.85841666666659,17,32,49
frc492,frc1359,frc3674,36.82941666666669,17,41,12
frc492,frc2412,frc3663,36.818499999999986,17,45,24
frc492,frc2412,frc2811,36.80599999999996,17,45,15
frc492,frc488,frc6831,36.79533333333331,17,34,35
frc492,frc4125,frc957,36.789166666666674,17,38,14
frc492,frc1425,frc3674,36.78741666666672,17,31,12
frc492,frc1540,frc5920,36.76633333333328,17,30,43
frc492,frc1425,frc5920,36.75975,17,31,43
frc492,frc4513,frc4911,36.759249999999994,17,37,6
frc492,frc3663,frc568,36.75724999999998,17,24,47
frc492,frc2928,frc4513,36.750100000000046,17,40,37
frc492,frc3674,frc4513,36.74383333333331,17,12,37
frc492,frc5920,frc957,36.73083333333333,17,43,14
frc492,frc1359,frc2521,36.726883333333355,17,41,16
frc492,frc2811,frc6831,36.72524999999993,17,15,35
frc492,frc1294,frc2990,36.69991666666665,17,39,28
frc492,frc568,frc5920,36.64166666666667,17,47,43
frc492,frc4125,frc4911,36.63866666666664,17,38,6
frc492,frc2557,frc4125,36.623249999999956,17,18,38
frc492,frc4911,frc4915,36.62158333333326,17,6,42
frc492,frc2990,frc8532,36.617500000000035,17,28,50
frc492,frc4915,frc8248,36.58941666666663,17,42,49
frc492,frc1899,frc4043,36.58499999999998,17,36,48
frc492,frc360,frc5827,36.56256666666664,17,26,29
frc492,frc1899,frc2412,36.55974999999993,17,36,45
frc492,frc2990,frc4513,36.559399999999954,17,28,37
frc492,frc1425,frc1899,36.54963333333327,17,31,36
frc492,frc3711,frc3786,36.54858333333336,17,21,44
frc492,frc2522,frc5920,36.530166666666666,17,23,43
frc492,frc1359,frc2811,36.50091666666664,17,41,15
frc492,frc1359,frc4488,36.48393333333334,17,41,9
frc492,frc1294,frc4043,36.48266666666663,17,39,48
frc492,frc2811,frc5827,36.46580000000004,17,15,29
frc492,frc2522,frc4915,36.43316666666664,17,23,42
frc492,frc3663,frc4915,36.417666666666626,17,24,42
frc492,frc4488,frc8532,36.38425000000001,17,9,50
frc492,frc2412,frc3636,36.38208333333335,17,45,32
frc492,frc1359,frc2635,36.36491666666667,17,41,46
frc492,frc4043,frc5920,36.36133333333336,17,48,43
frc492,frc2930,frc3786,36.337700000000005,17,7,44
frc492,frc1899,frc568,36.32274999999992,17,36,47
frc492,frc568,frc8532,36.313916666666636,17,47,50
frc492,frc3711,frc8248,36.293499999999945,17,21,49
frc492,frc4911,frc5920,36.29016666666663,17,6,43
frc492,frc1359,frc3636,36.28564999999995,17,41,32
frc492,frc2471,frc8248,36.28299999999999,17,3,49
frc492,frc2522,frc4125,36.27641666666663,17,23,38
frc492,frc360,frc3786,36.265916666666705,17,26,44
frc492,frc2557,frc4513,36.26444999999997,17,18,37
frc492,frc360,frc3636,36.26216666666669,17,26,32
frc492,frc3786,frc955,36.25938333333331,17,44,10
frc492,frc4915,frc957,36.25250000000001,17,42,14
frc492,frc4043,frc957,36.244100000000024,17,48,14
frc492,frc360,frc8532,36.24049999999995,17,26,50
frc492,frc1294,frc955,36.23438333333332,17,39,10
frc492,frc2521,frc4915,36.22533333333335,17,16,42
frc492,frc3786,frc568,36.21916666666663,17,44,47
frc492,frc2521,frc4043,36.19081666666668,17,16,48
frc492,frc1540,frc4043,36.188916666666685,17,30,48
frc492,frc3786,frc5920,36.18766666666665,17,44,43
frc492,frc2635,frc2811,36.18708333333331,17,46,15
frc492,frc3218,frc3786,36.13916666666668,17,25,44
frc492,frc4043,frc8248,36.12499999999996,17,48,49
frc492,frc1359,frc2557,36.12243333333332,17,41,18
frc492,frc1359,frc1425,36.107966666666556,17,41,31
frc492,frc2811,frc4125,36.107083333333314,17,15,38
frc492,frc1425,frc4125,36.09916666666664,17,31,38
frc492,frc1294,frc2930,36.096783333333306,17,39,7
frc492,frc4915,frc955,36.086166666666635,17,42,10
frc492,frc1294,frc7034,36.0794,17,39,19
frc492,frc3663,frc8248,36.07916666666662,17,24,49
frc492,frc1294,frc3636,36.06036666666662,17,39,32
frc492,frc2811,frc8532,36.049749999999946,17,15,50
frc492,frc2412,frc8248,36.04408333333331,17,45,49
frc492,frc2635,frc2990,36.0421666666667,17,46,28
frc492,frc2990,frc4043,36.01609999999995,17,28,48
frc492,frc2521,frc5920,36.01366666666669,17,16,43
frc492,frc2811,frc3786,36.011583333333284,17,15,44
frc492,frc1294,frc8248,36.01008333333336,17,39,49
frc492,frc1540,frc8248,36.007999999999996,17,30,49
frc492,frc2928,frc3786,36.00358333333333,17,40,44
frc492,frc3636,frc5827,36.002616666666626,17,32,29
frc492,frc2557,frc2635,36.000166666666665,17,18,46
frc492,frc4043,frc4915,35.98991666666669,17,48,42
frc492,frc1294,frc957,35.97794999999999,17,39,14
frc492,frc2990,frc5920,35.974166666666626,17,28,43
frc492,frc3786,frc4512,35.963500000000025,17,44,13
frc492,frc1359,frc2471,35.936283333333286,17,41,3
frc492,frc4043,frc7034,35.93583333333334,17,48,19
frc492,frc2928,frc4915,35.87858333333335,17,40,42
frc492,frc568,frc8248,35.826999999999984,17,47,49
frc492,frc1294,frc6831,35.82074999999993,17,39,35
frc492,frc4911,frc8248,35.80258333333332,17,6,49
frc492,frc3636,frc4043,35.79483333333332,17,32,48
frc492,frc4512,frc8532,35.78958333333334,17,13,50
frc492,frc1359,frc7034,35.77358333333329,17,41,19
frc492,frc2412,frc2521,35.763333333333364,17,45,16
frc492,frc1425,frc2522,35.742583333333314,17,31,23
frc492,frc2412,frc955,35.73976666666667,17,45,10
frc492,frc1425,frc8248,35.71658333333325,17,31,49
frc492,frc2412,frc3674,35.70083333333329,17,45,12
frc492,frc2635,frc3636,35.63916666666664,17,46,32
frc492,frc1359,frc3786,35.579166666666666,17,41,44
frc492,frc2412,frc360,35.558083333333336,17,45,26
frc492,frc2412,frc6831,35.547833333333266,17,45,35
frc492,frc1294,frc360,35.525549999999996,17,39,26
frc492,frc1359,frc8532,35.5068333333333,17,41,50
frc492,frc1294,frc2811,35.50179999999994,17,39,15
frc492,frc1425,frc4513,35.48726666666666,17,31,37
frc492,frc488,frc5920,35.46799999999996,17,34,43
frc492,frc1540,frc2412,35.45850000000003,17,30,45
frc492,frc4131,frc4513,35.45716666666664,17,33,37
frc492,frc1294,frc2412,35.45499999999999,17,39,45
frc492,frc2412,frc5920,35.43274999999998,17,45,43
frc492,frc3786,frc4043,35.39374999999996,17,44,48
frc492,frc1899,frc2522,35.37416666666665,17,36,23
frc492,frc5827,frc8248,35.36348333333332,17,29,49
frc492,frc2521,frc8248,35.355583333333314,17,16,49
frc492,frc3636,frc3786,35.33833333333333,17,32,44
frc492,frc3786,frc957,35.330849999999984,17,44,14
frc492,frc4125,frc8248,35.33049999999997,17,38,49
frc492,frc1899,frc6831,35.322166666666675,17,36,35
frc492,frc2412,frc2990,35.317499999999995,17,45,28
frc492,frc4125,frc4915,35.29916666666663,17,38,42
frc492,frc4513,frc4915,35.274416666666625,17,37,42
frc492,frc1294,frc3218,35.267833333333314,17,39,25
frc492,frc4043,frc955,35.263199999999976,17,48,10
frc492,frc2930,frc8248,35.25361666666662,17,7,49
frc492,frc1425,frc3786,35.252733333333325,17,31,44
frc492,frc4043,frc7461,35.24306666666672,17,48,27
frc492,frc4089,frc8248,35.2389166666667,17,22,49
frc492,frc5920,frc6831,35.167250000000024,17,43,35
frc492,frc3636,frc8532,35.16183333333331,17,32,50
frc492,frc1899,frc4915,35.15641666666665,17,36,42
frc492,frc2811,frc4043,35.155166666666666,17,15,48
frc492,frc1899,frc3786,35.15375,17,36,44
frc492,frc2635,frc8248,35.13808333333335,17,46,49
frc492,frc2522,frc568,35.13516666666667,17,23,47
frc492,frc1540,frc4915,35.127583333333334,17,30,42
frc492,frc2811,frc8248,35.088166666666716,17,15,49
frc492,frc4125,frc8532,35.08441666666672,17,38,50
frc492,frc4043,frc4911,35.082000000000036,17,48,6
frc492,frc1425,frc2635,35.07750000000006,17,31,46
frc492,frc3711,frc8532,35.071916666666674,17,21,50
frc492,frc4513,frc488,35.05123333333337,17,37,34
frc492,frc2412,frc2522,35.041250000000005,17,45,23
frc492,frc2522,frc4043,34.99908333333335,17,23,48
frc492,frc1294,frc2928,34.947283333333324,17,39,40
frc492,frc4043,frc4512,34.937416666666635,17,48,13
frc492,frc1294,frc3786,34.931499999999936,17,39,44
frc492,frc4488,frc8248,34.924333333333394,17,9,49
frc492,frc1425,frc8532,34.895749999999985,17,31,50
frc492,frc1425,frc568,34.888333333333364,17,31,47
frc492,frc2522,frc8248,34.88749999999993,17,23,49
frc492,frc1425,frc5827,34.8861166666667,17,31,29
frc492,frc6831,frc8532,34.88116666666663,17,35,50
frc492,frc3786,frc4513,34.8578333333333,17,44,37
frc492,frc2635,frc6831,34.856416666666675,17,46,35
frc492,frc2412,frc3786,34.856416666666576,17,45,44
frc492,frc4125,frc5827,34.8394333333333,17,38,29
frc492,frc2412,frc4911,34.818416666666664,17,45,6
frc492,frc4089,frc8532,34.78783333333334,17,22,50
frc492,frc1359,frc1899,34.78518333333337,17,41,36
frc492,frc6350,frc8248,34.75425000000002,17,20,49
frc492,frc1294,frc3663,34.750766666666664,17,39,24
frc492,frc3674,frc8248,34.74416666666661,17,12,49
frc492,frc2635,frc5827,34.74025,17,46,29
frc492,frc3663,frc8532,34.72400000000007,17,24,50
frc492,frc1294,frc4915,34.715,17,39,42
frc492,frc2990,frc8248,34.7033333333333,17,28,49
frc492,frc2930,frc4043,34.687050000000056,17,7,48
frc492,frc1294,frc2521,34.65506666666665,17,39,16
frc492,frc2635,frc8532,34.62924999999993,17,46,50
frc492,frc2521,frc3786,34.59573333333332,17,16,44
frc492,frc1899,frc4125,34.58078333333336,17,36,38
frc492,frc1294,frc4131,34.54981666666667,17,39,33
frc492,frc4125,frc488,34.54349999999996,17,38,34
frc492,frc7461,frc8248,34.54086666666668,17,27,49
frc492,frc3786,frc6831,34.46024999999995,17,44,35
frc492,frc6831,frc8248,34.42716666666664,17,35,49
frc492,frc4513,frc5920,34.410166666666626,17,37,43
frc492,frc4043,frc8532,34.40508333333332,17,48,50
frc492,frc1899,frc5920,34.39625000000002,17,36,43
frc492,frc1359,frc8248,34.37466666666665,17,41,49
frc492,frc3786,frc4125,34.336666666666666,17,44,38
frc492,frc1294,frc2635,34.3278333333333,17,39,46
frc492,frc2557,frc8248,34.31683333333334,17,18,49
frc492,frc3218,frc4043,34.271749999999955,17,25,48
frc492,frc1899,frc2635,34.271166666666595,17,36,46
frc492,frc1425,frc2412,34.241749999999975,17,31,45
frc492,frc1294,frc4513,34.22978333333329,17,39,37
frc492,frc3674,frc4043,34.19100000000002,17,12,48
frc492,frc2521,frc2635,34.168333333333266,17,16,46
frc492,frc4043,frc4513,34.15400000000002,17,48,37
frc492,frc1359,frc4915,34.14116666666669,17,41,42
frc492,frc2522,frc3786,34.131249999999994,17,23,44
frc492,frc360,frc4043,34.116166666666736,17,26,48
frc492,frc7034,frc8248,34.11350000000002,17,19,49
frc492,frc7034,frc8532,34.09174999999999,17,19,50
frc492,frc4513,frc8248,34.06941666666668,17,37,49
frc492,frc4513,frc5827,34.03189999999998,17,37,29
frc492,frc1425,frc4043,33.982516666666726,17,31,48
frc492,frc1359,frc5827,33.90329999999998,17,41,29
frc492,frc4125,frc5920,33.85716666666662,17,38,43
frc492,frc2412,frc4488,33.84566666666668,17,45,9
frc492,frc1359,frc4513,33.804783333333354,17,41,37
frc492,frc2635,frc488,33.76191666666664,17,46,34
frc492,frc4513,frc8532,33.754083333333334,17,37,50
frc492,frc4512,frc8248,33.71899999999999,17,13,49
frc492,frc1294,frc1899,33.59775000000005,17,39,36
frc492,frc2635,frc3786,33.53816666666664,17,46,44
frc492,frc8248,frc957,33.50631666666664,17,49,14
frc492,frc4125,frc568,33.48783333333329,17,38,47
frc492,frc2521,frc8532,33.48749999999998,17,16,50
frc492,frc2928,frc5920,33.470916666666675,17,40,43
frc492,frc4513,frc568,33.449583333333365,17,37,47
frc492,frc1294,frc4125,33.350916666666684,17,39,38
frc492,frc568,frc5827,33.28241666666666,17,47,29
frc492,frc3786,frc8248,33.25308333333333,17,44,49
frc492,frc4513,frc6831,33.20183333333338,17,37,35
frc492,frc1294,frc2522,33.19650000000003,17,39,23
frc492,frc3786,frc5827,33.18839999999995,17,44,29
frc492,frc5920,frc8532,33.1723333333334,17,43,50
frc492,frc1359,frc4125,33.17033333333329,17,41,38
frc492,frc1294,frc5920,33.166666666666735,17,39,43
frc492,frc1294,frc8532,33.1613333333333,17,39,50
frc492,frc3786,frc8532,33.138583333333266,17,44,50
frc492,frc5827,frc8532,33.126499999999915,17,29,50
frc492,frc4043,frc4125,33.119749999999975,17,48,38
frc492,frc8248,frc8532,33.104416666666665,17,49,50
frc492,frc1899,frc5827,33.07356666666665,17,36,29
frc492,frc1294,frc1359,32.99396666666666,17,39,41
frc492,frc2635,frc4513,32.98858333333337,17,46,37
frc492,frc4125,frc4513,32.97349999999997,17,38,37
frc492,frc1294,frc5827,32.96245,17,39,29
frc492,frc5920,frc8248,32.95783333333329,17,43,49
frc492,frc1294,frc1425,32.94160000000003,17,39,31
frc492,frc8248,frc955,32.93215000000002,17,49,10
frc492,frc5827,frc5920,32.85383333333332,17,29,43
frc492,frc360,frc8248,32.85099999999999,17,26,49
frc492,frc2635,frc4125,32.794,17,46,38
frc492,frc1899,frc4513,32.73891666666672,17,36,37
frc492,frc2635,frc5920,32.72933333333334,17,46,43
frc492,frc4043,frc5827,32.53198333333337,17,48,29
frc492,frc4915,frc5827,32.37508333333331,17,42,29
frc492,frc2412,frc4513,32.228166666666695,17,45,37
frc492,frc3663,frc4043,32.16741666666662,17,24,48
frc492,frc2522,frc8532,32.14441666666671,17,23,50
frc492,frc2412,frc5827,32.13033333333335,17,45,29
frc492,frc1359,frc5920,32.10249999999999,17,41,43
frc492,frc2412,frc4125,31.921500000000016,17,45,38
